David Vázquez <davazp@gmail.com> David Vazquez <davazp@gmail.com>
David Vázquez <davazp@gmail.com> David Vázquez Púa <davazp@gmail.com>
David Vázquez <davazp@gmail.com> David Vazquez Pua <davazp@gmail.com>
David Vázquez <davazp@gmail.com> David <davazp@debian>
David Vázquez <davazp@gmail.com> David Vázquez <davazp@Portatil.(none)>
David Vázquez <davazp@gmail.com> David Vázquez <davidv@eyecarepro.net>
David Vázquez <davazp@gmail.com> David Vazquez <Dvazquezpua@deloitte.nl>
David Vázquez <davazp@gmail.com> David Vázquez <davazp@debian>
David Vázquez <davazp@gmail.com> David Vázquez <davazp@gmail.com>
David Vázquez <davazp@gmail.com> David Vázquez <davazp@Portatil.(none)>
David Vázquez <davazp@gmail.com> David Vázquez <davidv@eyecarepro.net>
David Vázquez <davazp@gmail.com> David Vázquez <Dvazquezpua@deloitte.nl>
David Vázquez <davazp@gmail.com> David Vazquez Pua <dvazquezpua@deloitte.nl>
Raimon Grau <raimonster@gmail.com> Raimon Grau <raimon@3scale.net>
Owen Rodley <owen.rodley@gmail.com> Strigoides <Strigoides@gmail.com>
Owen Rodley <owen.rodley@gmail.com> Owen Rodley <strigoides@gmail.com>
Owen Rodley <owen.rodley@gmail.com> Owen Rodley <strigoides@gmail.com>
Owen Rodley <owen.rodley@gmail.com> Owen Rodley <Strigoides@gmail.com>
pnathan <pnathan@vandals.uidaho.edu> pdn <pnathan@vandals.uidaho.edu>
Bruce-Robert Fenn Pocock <brfennpocock@star-hope.org> BRPocock <brpocock@star-hope.org>
Bruce-Robert Fenn Pocock <brfennpocock@star-hope.org> BR. Fenn Pocock <brfennpocock@star-hope.org>
Bruce-Robert Fenn Pocock <brfennpocock@star-hope.org> Bruce-Robert Fenn Pocock <brpocock@star-hope.org>
